filename,tipo,fuente,inicio_grabacion,offset_s,fecha_hora_absoluta,estado,tipo_corregido,clip_path,espectrograma_path,revisado_en,revisor,creado_en,actualizado_en
2025-10-04_09h01m25s_pulsive_call.wav,pulsive_call,muelle-madryn-2025-10,2025-10-04 09:00:00,85.6,2025-10-04 09:01:25,confirmado,,/Users/pablo/Documents/ecos-del-golfo/fixtures/clips/2025-10-04_09h01m25s_pulsive_call.wav,/Users/pablo/Documents/ecos-del-golfo/fixtures/espectrogramas/2025-10-04_09h01m25s_pulsive_call.png,,,2026-08-10 01:50:25,2026-08-10 01:50:25
2025-10-04_09h02m19s_pulsive_call.wav,pulsive_call,muelle-madryn-2025-10,2025-10-04 09:00:00,139.8,2025-10-04 09:02:19,confirmado,,/Users/pablo/Documents/ecos-del-golfo/fixtures/clips/2025-10-04_09h02m19s_pulsive_call.wav,/Users/pablo/Documents/ecos-del-golfo/fixtures/espectrogramas/2025-10-04_09h02m19s_pulsive_call.png,,,2026-08-10 01:50:25,2026-08-10 01:50:25
2025-10-04_09h03m03s_pulsive_call.wav,pulsive_call,muelle-madryn-2025-10,2025-10-04 09:00:00,183.3,2025-10-04 09:03:03,confirmado,,/Users/pablo/Documents/ecos-del-golfo/fixtures/clips/2025-10-04_09h03m03s_pulsive_call.wav,/Users/pablo/Documents/ecos-del-golfo/fixtures/espectrogramas/2025-10-04_09h03m03s_pulsive_call.png,,,2026-08-10 01:50:25,2026-08-10 01:50:25
2025-10-04_09h04m25s_pulsive_call.wav,pulsive_call,muelle-madryn-2025-10,2025-10-04 09:00:00,265.2,2025-10-04 09:04:25,confirmado,,/Users/pablo/Documents/ecos-del-golfo/fixtures/clips/2025-10-04_09h04m25s_pulsive_call.wav,/Users/pablo/Documents/ecos-del-golfo/fixtures/espectrogramas/2025-10-04_09h04m25s_pulsive_call.png,,,2026-08-10 01:50:25,2026-08-10 01:50:25
2025-10-04_09h04m59s_high_call.wav,high_call,muelle-madryn-2025-10,2025-10-04 09:00:00,299.3,2025-10-04 09:04:59,confirmado,,/Users/pablo/Documents/ecos-del-golfo/fixtures/clips/2025-10-04_09h04m59s_high_call.wav,/Users/pablo/Documents/ecos-del-golfo/fixtures/espectrogramas/2025-10-04_09h04m59s_high_call.png,,,2026-08-10 01:50:25,2026-08-10 01:50:25
2025-10-06_15h01m05s_pulsive_call.wav,pulsive_call,muelle-madryn-2025-10,2025-10-06 15:00:00,65.1,2025-10-06 15:01:05,confirmado,,/Users/pablo/Documents/ecos-del-golfo/fixtures/clips/2025-10-06_15h01m05s_pulsive_call.wav,/Users/pablo/Documents/ecos-del-golfo/fixtures/espectrogramas/2025-10-06_15h01m05s_pulsive_call.png,2026-08-09T23:00:02,local,2026-08-10 01:50:25,2026-08-10 02:00:02
2025-10-06_15h01m38s_pulsive_call.wav,pulsive_call,muelle-madryn-2025-10,2025-10-06 15:00:00,98.8,2025-10-06 15:01:38,propuesto,,/Users/pablo/Documents/ecos-del-golfo/fixtures/clips/2025-10-06_15h01m38s_pulsive_call.wav,/Users/pablo/Documents/ecos-del-golfo/fixtures/espectrogramas/2025-10-06_15h01m38s_pulsive_call.png,,,2026-08-10 01:50:25,2026-08-10 01:50:25
2025-10-06_15h02m08s_pulsive_call.wav,pulsive_call,muelle-madryn-2025-10,2025-10-06 15:00:00,128.3,2025-10-06 15:02:08,propuesto,,/Users/pablo/Documents/ecos-del-golfo/fixtures/clips/2025-10-06_15h02m08s_pulsive_call.wav,/Users/pablo/Documents/ecos-del-golfo/fixtures/espectrogramas/2025-10-06_15h02m08s_pulsive_call.png,,,2026-08-10 01:50:25,2026-08-10 01:50:25
2025-10-06_15h03m13s_pulsive_call.wav,pulsive_call,muelle-madryn-2025-10,2025-10-06 15:00:00,193.7,2025-10-06 15:03:13,propuesto,,/Users/pablo/Documents/ecos-del-golfo/fixtures/clips/2025-10-06_15h03m13s_pulsive_call.wav,/Users/pablo/Documents/ecos-del-golfo/fixtures/espectrogramas/2025-10-06_15h03m13s_pulsive_call.png,,,2026-08-10 01:50:25,2026-08-10 01:50:25
2025-10-06_15h03m40s_pulsive_call.wav,pulsive_call,muelle-madryn-2025-10,2025-10-06 15:00:00,220.4,2025-10-06 15:03:40,propuesto,,/Users/pablo/Documents/ecos-del-golfo/fixtures/clips/2025-10-06_15h03m40s_pulsive_call.wav,/Users/pablo/Documents/ecos-del-golfo/fixtures/espectrogramas/2025-10-06_15h03m40s_pulsive_call.png,,,2026-08-10 01:50:25,2026-08-10 01:50:25
2025-10-06_15h04m28s_pulsive_call.wav,pulsive_call,muelle-madryn-2025-10,2025-10-06 15:00:00,268.8,2025-10-06 15:04:28,propuesto,,/Users/pablo/Documents/ecos-del-golfo/fixtures/clips/2025-10-06_15h04m28s_pulsive_call.wav,/Users/pablo/Documents/ecos-del-golfo/fixtures/espectrogramas/2025-10-06_15h04m28s_pulsive_call.png,,,2026-08-10 01:50:25,2026-08-10 01:50:25
2025-10-06_15h05m24s_pulsive_call.wav,pulsive_call,muelle-madryn-2025-10,2025-10-06 15:00:00,324.4,2025-10-06 15:05:24,propuesto,,/Users/pablo/Documents/ecos-del-golfo/fixtures/clips/2025-10-06_15h05m24s_pulsive_call.wav,/Users/pablo/Documents/ecos-del-golfo/fixtures/espectrogramas/2025-10-06_15h05m24s_pulsive_call.png,,,2026-08-10 01:50:25,2026-08-10 01:50:25
2025-10-06_15h05m47s_pulsive_call.wav,pulsive_call,muelle-madryn-2025-10,2025-10-06 15:00:00,347.9,2025-10-06 15:05:47,propuesto,,/Users/pablo/Documents/ecos-del-golfo/fixtures/clips/2025-10-06_15h05m47s_pulsive_call.wav,/Users/pablo/Documents/ecos-del-golfo/fixtures/espectrogramas/2025-10-06_15h05m47s_pulsive_call.png,,,2026-08-10 01:50:25,2026-08-10 01:50:25
2025-10-06_15h06m55s_pulsive_call.wav,pulsive_call,muelle-madryn-2025-10,2025-10-06 15:00:00,415.9,2025-10-06 15:06:55,propuesto,,/Users/pablo/Documents/ecos-del-golfo/fixtures/clips/2025-10-06_15h06m55s_pulsive_call.wav,/Users/pablo/Documents/ecos-del-golfo/fixtures/espectrogramas/2025-10-06_15h06m55s_pulsive_call.png,,,2026-08-10 01:50:25,2026-08-10 01:50:25
2025-10-06_15h07m48s_pulsive_call.wav,pulsive_call,muelle-madryn-2025-10,2025-10-06 15:00:00,468.8,2025-10-06 15:07:48,propuesto,,/Users/pablo/Documents/ecos-del-golfo/fixtures/clips/2025-10-06_15h07m48s_pulsive_call.wav,/Users/pablo/Documents/ecos-del-golfo/fixtures/espectrogramas/2025-10-06_15h07m48s_pulsive_call.png,,,2026-08-10 01:50:25,2026-08-10 01:50:25
2025-10-06_15h08m47s_pulsive_call.wav,pulsive_call,muelle-madryn-2025-10,2025-10-06 15:00:00,527.8,2025-10-06 15:08:47,propuesto,,/Users/pablo/Documents/ecos-del-golfo/fixtures/clips/2025-10-06_15h08m47s_pulsive_call.wav,/Users/pablo/Documents/ecos-del-golfo/fixtures/espectrogramas/2025-10-06_15h08m47s_pulsive_call.png,,,2026-08-10 01:50:25,2026-08-10 01:50:25
2025-10-06_15h09m26s_pulsive_call.wav,pulsive_call,muelle-madryn-2025-10,2025-10-06 15:00:00,566.3,2025-10-06 15:09:26,propuesto,,/Users/pablo/Documents/ecos-del-golfo/fixtures/clips/2025-10-06_15h09m26s_pulsive_call.wav,/Users/pablo/Documents/ecos-del-golfo/fixtures/espectrogramas/2025-10-06_15h09m26s_pulsive_call.png,,,2026-08-10 01:50:25,2026-08-10 01:50:25
2025-10-06_15h10m08s_pulsive_call.wav,pulsive_call,muelle-madryn-2025-10,2025-10-06 15:00:00,608.8,2025-10-06 15:10:08,propuesto,,/Users/pablo/Documents/ecos-del-golfo/fixtures/clips/2025-10-06_15h10m08s_pulsive_call.wav,/Users/pablo/Documents/ecos-del-golfo/fixtures/espectrogramas/2025-10-06_15h10m08s_pulsive_call.png,,,2026-08-10 01:50:25,2026-08-10 01:50:25
2025-10-06_15h10m57s_pulsive_call.wav,pulsive_call,muelle-madryn-2025-10,2025-10-06 15:00:00,657.3,2025-10-06 15:10:57,propuesto,,/Users/pablo/Documents/ecos-del-golfo/fixtures/clips/2025-10-06_15h10m57s_pulsive_call.wav,/Users/pablo/Documents/ecos-del-golfo/fixtures/espectrogramas/2025-10-06_15h10m57s_pulsive_call.png,,,2026-08-10 01:50:25,2026-08-10 01:50:25
2025-10-06_15h11m43s_pulsive_call.wav,pulsive_call,muelle-madryn-2025-10,2025-10-06 15:00:00,703.9,2025-10-06 15:11:43,propuesto,,/Users/pablo/Documents/ecos-del-golfo/fixtures/clips/2025-10-06_15h11m43s_pulsive_call.wav,/Users/pablo/Documents/ecos-del-golfo/fixtures/espectrogramas/2025-10-06_15h11m43s_pulsive_call.png,,,2026-08-10 01:50:25,2026-08-10 01:50:25
2025-10-06_15h12m47s_pulsive_call.wav,pulsive_call,muelle-madryn-2025-10,2025-10-06 15:00:00,767.3,2025-10-06 15:12:47,propuesto,,/Users/pablo/Documents/ecos-del-golfo/fixtures/clips/2025-10-06_15h12m47s_pulsive_call.wav,/Users/pablo/Documents/ecos-del-golfo/fixtures/espectrogramas/2025-10-06_15h12m47s_pulsive_call.png,,,2026-08-10 01:50:25,2026-08-10 01:50:25
2025-10-06_15h13m42s_high_call.wav,high_call,muelle-madryn-2025-10,2025-10-06 15:00:00,822.6,2025-10-06 15:13:42,propuesto,,/Users/pablo/Documents/ecos-del-golfo/fixtures/clips/2025-10-06_15h13m42s_high_call.wav,/Users/pablo/Documents/ecos-del-golfo/fixtures/espectrogramas/2025-10-06_15h13m42s_high_call.png,,,2026-08-10 01:50:25,2026-08-10 01:50:25
2025-10-06_15h14m24s_no_clasificado.wav,no_clasificado,muelle-madryn-2025-10,2025-10-06 15:00:00,864.7,2025-10-06 15:14:24,confirmado,,/Users/pablo/Documents/ecos-del-golfo/fixtures/clips/2025-10-06_15h14m24s_no_clasificado.wav,/Users/pablo/Documents/ecos-del-golfo/fixtures/espectrogramas/2025-10-06_15h14m24s_no_clasificado.png,2026-08-09T23:07:58,local,2026-08-10 01:50:25,2026-08-10 02:07:58
2026-08-03_17h39m18s_pulsive_call.wav,pulsive_call,embarcacion-2026-08,2026-08-03 17:38:56,22.7,2026-08-03 17:39:18,confirmado,,/Users/pablo/Documents/ecos-del-golfo/fixtures/clips/2026-08-03_17h39m18s_pulsive_call.wav,/Users/pablo/Documents/ecos-del-golfo/fixtures/espectrogramas/2026-08-03_17h39m18s_pulsive_call.png,,,2026-08-10 01:50:25,2026-08-10 01:50:25
2026-08-03_17h40m19s_pulsive_call.wav,pulsive_call,embarcacion-2026-08,2026-08-03 17:38:56,83.1,2026-08-03 17:40:19,confirmado,,/Users/pablo/Documents/ecos-del-golfo/fixtures/clips/2026-08-03_17h40m19s_pulsive_call.wav,/Users/pablo/Documents/ecos-del-golfo/fixtures/espectrogramas/2026-08-03_17h40m19s_pulsive_call.png,,,2026-08-10 01:50:25,2026-08-10 01:50:25
2026-08-03_17h41m05s_pulsive_call.wav,pulsive_call,embarcacion-2026-08,2026-08-03 17:38:56,129.5,2026-08-03 17:41:05,confirmado,,/Users/pablo/Documents/ecos-del-golfo/fixtures/clips/2026-08-03_17h41m05s_pulsive_call.wav,/Users/pablo/Documents/ecos-del-golfo/fixtures/espectrogramas/2026-08-03_17h41m05s_pulsive_call.png,,,2026-08-10 01:50:25,2026-08-10 01:50:25
2026-08-03_17h41m43s_pulsive_call.wav,pulsive_call,embarcacion-2026-08,2026-08-03 17:38:56,167.8,2026-08-03 17:41:43,confirmado,,/Users/pablo/Documents/ecos-del-golfo/fixtures/clips/2026-08-03_17h41m43s_pulsive_call.wav,/Users/pablo/Documents/ecos-del-golfo/fixtures/espectrogramas/2026-08-03_17h41m43s_pulsive_call.png,,,2026-08-10 01:50:25,2026-08-10 01:50:25
2026-08-03_17h42m20s_pulsive_call.wav,pulsive_call,embarcacion-2026-08,2026-08-03 17:38:56,204.9,2026-08-03 17:42:20,confirmado,,/Users/pablo/Documents/ecos-del-golfo/fixtures/clips/2026-08-03_17h42m20s_pulsive_call.wav,/Users/pablo/Documents/ecos-del-golfo/fixtures/espectrogramas/2026-08-03_17h42m20s_pulsive_call.png,,,2026-08-10 01:50:25,2026-08-10 01:50:25
2026-08-03_17h43m33s_pulsive_call.wav,pulsive_call,embarcacion-2026-08,2026-08-03 17:38:56,277.8,2026-08-03 17:43:33,confirmado,,/Users/pablo/Documents/ecos-del-golfo/fixtures/clips/2026-08-03_17h43m33s_pulsive_call.wav,/Users/pablo/Documents/ecos-del-golfo/fixtures/espectrogramas/2026-08-03_17h43m33s_pulsive_call.png,,,2026-08-10 01:50:25,2026-08-10 01:50:25
2026-08-03_17h44m55s_pulsive_call.wav,pulsive_call,embarcacion-2026-08,2026-08-03 17:38:56,360.0,2026-08-03 17:44:55,confirmado,,/Users/pablo/Documents/ecos-del-golfo/fixtures/clips/2026-08-03_17h44m55s_pulsive_call.wav,/Users/pablo/Documents/ecos-del-golfo/fixtures/espectrogramas/2026-08-03_17h44m55s_pulsive_call.png,,,2026-08-10 01:50:25,2026-08-10 01:50:25
2026-08-03_17h45m18s_pulsive_call.wav,pulsive_call,embarcacion-2026-08,2026-08-03 17:38:56,382.5,2026-08-03 17:45:18,confirmado,,/Users/pablo/Documents/ecos-del-golfo/fixtures/clips/2026-08-03_17h45m18s_pulsive_call.wav,/Users/pablo/Documents/ecos-del-golfo/fixtures/espectrogramas/2026-08-03_17h45m18s_pulsive_call.png,,,2026-08-10 01:50:25,2026-08-10 01:50:25
2026-08-03_17h46m20s_pulsive_call.wav,pulsive_call,embarcacion-2026-08,2026-08-03 17:38:56,444.1,2026-08-03 17:46:20,confirmado,,/Users/pablo/Documents/ecos-del-golfo/fixtures/clips/2026-08-03_17h46m20s_pulsive_call.wav,/Users/pablo/Documents/ecos-del-golfo/fixtures/espectrogramas/2026-08-03_17h46m20s_pulsive_call.png,,,2026-08-10 01:50:25,2026-08-10 01:50:25
2026-08-03_17h46m52s_pulsive_call.wav,pulsive_call,embarcacion-2026-08,2026-08-03 17:38:56,476.5,2026-08-03 17:46:52,confirmado,,/Users/pablo/Documents/ecos-del-golfo/fixtures/clips/2026-08-03_17h46m52s_pulsive_call.wav,/Users/pablo/Documents/ecos-del-golfo/fixtures/espectrogramas/2026-08-03_17h46m52s_pulsive_call.png,,,2026-08-10 01:50:25,2026-08-10 01:50:25
2026-08-03_17h48m19s_up_call.wav,up_call,embarcacion-2026-08,2026-08-03 17:38:56,563.8,2026-08-03 17:48:19,confirmado,,/Users/pablo/Documents/ecos-del-golfo/fixtures/clips/2026-08-03_17h48m19s_up_call.wav,/Users/pablo/Documents/ecos-del-golfo/fixtures/espectrogramas/2026-08-03_17h48m19s_up_call.png,,,2026-08-10 01:50:25,2026-08-10 01:50:25
2026-08-03_17h49m43s_up_call.wav,up_call,embarcacion-2026-08,2026-08-03 17:38:56,647.2,2026-08-03 17:49:43,confirmado,,/Users/pablo/Documents/ecos-del-golfo/fixtures/clips/2026-08-03_17h49m43s_up_call.wav,/Users/pablo/Documents/ecos-del-golfo/fixtures/espectrogramas/2026-08-03_17h49m43s_up_call.png,,,2026-08-10 01:50:25,2026-08-10 01:50:25
2026-08-03_17h50m43s_up_call.wav,up_call,embarcacion-2026-08,2026-08-03 17:38:56,707.4,2026-08-03 17:50:43,confirmado,,/Users/pablo/Documents/ecos-del-golfo/fixtures/clips/2026-08-03_17h50m43s_up_call.wav,/Users/pablo/Documents/ecos-del-golfo/fixtures/espectrogramas/2026-08-03_17h50m43s_up_call.png,,,2026-08-10 01:50:25,2026-08-10 01:50:25
2026-08-03_17h51m53s_up_call.wav,up_call,embarcacion-2026-08,2026-08-03 17:38:56,777.1,2026-08-03 17:51:53,confirmado,,/Users/pablo/Documents/ecos-del-golfo/fixtures/clips/2026-08-03_17h51m53s_up_call.wav,/Users/pablo/Documents/ecos-del-golfo/fixtures/espectrogramas/2026-08-03_17h51m53s_up_call.png,,,2026-08-10 01:50:25,2026-08-10 01:50:25
2026-08-03_17h52m43s_up_call.wav,up_call,embarcacion-2026-08,2026-08-03 17:38:56,827.3,2026-08-03 17:52:43,confirmado,,/Users/pablo/Documents/ecos-del-golfo/fixtures/clips/2026-08-03_17h52m43s_up_call.wav,/Users/pablo/Documents/ecos-del-golfo/fixtures/espectrogramas/2026-08-03_17h52m43s_up_call.png,,,2026-08-10 01:50:25,2026-08-10 01:50:25
2026-08-03_17h53m59s_up_call.wav,up_call,embarcacion-2026-08,2026-08-03 17:38:56,903.1,2026-08-03 17:53:59,confirmado,,/Users/pablo/Documents/ecos-del-golfo/fixtures/clips/2026-08-03_17h53m59s_up_call.wav,/Users/pablo/Documents/ecos-del-golfo/fixtures/espectrogramas/2026-08-03_17h53m59s_up_call.png,,,2026-08-10 01:50:25,2026-08-10 01:50:25
2026-08-03_17h54m43s_up_call.wav,up_call,embarcacion-2026-08,2026-08-03 17:38:56,947.8,2026-08-03 17:54:43,confirmado,,/Users/pablo/Documents/ecos-del-golfo/fixtures/clips/2026-08-03_17h54m43s_up_call.wav,/Users/pablo/Documents/ecos-del-golfo/fixtures/espectrogramas/2026-08-03_17h54m43s_up_call.png,,,2026-08-10 01:50:25,2026-08-10 01:50:25
2026-08-03_17h55m19s_up_call.wav,up_call,embarcacion-2026-08,2026-08-03 17:38:56,983.6,2026-08-03 17:55:19,confirmado,,/Users/pablo/Documents/ecos-del-golfo/fixtures/clips/2026-08-03_17h55m19s_up_call.wav,/Users/pablo/Documents/ecos-del-golfo/fixtures/espectrogramas/2026-08-03_17h55m19s_up_call.png,,,2026-08-10 01:50:25,2026-08-10 01:50:25
2026-08-03_17h55m50s_high_call.wav,high_call,embarcacion-2026-08,2026-08-03 17:38:56,1014.4,2026-08-03 17:55:50,confirmado,,/Users/pablo/Documents/ecos-del-golfo/fixtures/clips/2026-08-03_17h55m50s_high_call.wav,/Users/pablo/Documents/ecos-del-golfo/fixtures/espectrogramas/2026-08-03_17h55m50s_high_call.png,,,2026-08-10 01:50:25,2026-08-10 01:50:25
2026-08-03_17h56m16s_high_call.wav,high_call,embarcacion-2026-08,2026-08-03 17:38:56,1041.0,2026-08-03 17:56:16,confirmado,,/Users/pablo/Documents/ecos-del-golfo/fixtures/clips/2026-08-03_17h56m16s_high_call.wav,/Users/pablo/Documents/ecos-del-golfo/fixtures/espectrogramas/2026-08-03_17h56m16s_high_call.png,,,2026-08-10 01:50:25,2026-08-10 01:50:25
2026-08-03_17h57m08s_high_call.wav,high_call,embarcacion-2026-08,2026-08-03 17:38:56,1092.1,2026-08-03 17:57:08,confirmado,,/Users/pablo/Documents/ecos-del-golfo/fixtures/clips/2026-08-03_17h57m08s_high_call.wav,/Users/pablo/Documents/ecos-del-golfo/fixtures/espectrogramas/2026-08-03_17h57m08s_high_call.png,,,2026-08-10 01:50:25,2026-08-10 01:50:25
2026-08-03_17h57m51s_high_call.wav,high_call,embarcacion-2026-08,2026-08-03 17:38:56,1135.4,2026-08-03 17:57:51,confirmado,,/Users/pablo/Documents/ecos-del-golfo/fixtures/clips/2026-08-03_17h57m51s_high_call.wav,/Users/pablo/Documents/ecos-del-golfo/fixtures/espectrogramas/2026-08-03_17h57m51s_high_call.png,,,2026-08-10 01:50:25,2026-08-10 01:50:25
2026-08-03_17h58m53s_high_call.wav,high_call,embarcacion-2026-08,2026-08-03 17:38:56,1197.8,2026-08-03 17:58:53,confirmado,,/Users/pablo/Documents/ecos-del-golfo/fixtures/clips/2026-08-03_17h58m53s_high_call.wav,/Users/pablo/Documents/ecos-del-golfo/fixtures/espectrogramas/2026-08-03_17h58m53s_high_call.png,,,2026-08-10 01:50:25,2026-08-10 01:50:25
2026-08-03_17h59m02s_gunshot_call.wav,gunshot_call,embarcacion-2026-08,2026-08-03 17:38:56,1206.9,2026-08-03 17:59:02,confirmado,,/Users/pablo/Documents/ecos-del-golfo/fixtures/clips/2026-08-03_17h59m02s_gunshot_call.wav,/Users/pablo/Documents/ecos-del-golfo/fixtures/espectrogramas/2026-08-03_17h59m02s_gunshot_call.png,,,2026-08-10 01:50:25,2026-08-10 01:50:25
2026-08-03_17h59m47s_gunshot_call.wav,gunshot_call,embarcacion-2026-08,2026-08-03 17:38:56,1251.6,2026-08-03 17:59:47,confirmado,,/Users/pablo/Documents/ecos-del-golfo/fixtures/clips/2026-08-03_17h59m47s_gunshot_call.wav,/Users/pablo/Documents/ecos-del-golfo/fixtures/espectrogramas/2026-08-03_17h59m47s_gunshot_call.png,,,2026-08-10 01:50:25,2026-08-10 01:50:25
2026-08-03_18h00m25s_gunshot_call.wav,gunshot_call,embarcacion-2026-08,2026-08-03 17:38:56,1289.5,2026-08-03 18:00:25,confirmado,,/Users/pablo/Documents/ecos-del-golfo/fixtures/clips/2026-08-03_18h00m25s_gunshot_call.wav,/Users/pablo/Documents/ecos-del-golfo/fixtures/espectrogramas/2026-08-03_18h00m25s_gunshot_call.png,,,2026-08-10 01:50:25,2026-08-10 01:50:25
2026-08-03_18h00m49s_no_clasificado.wav,no_clasificado,embarcacion-2026-08,2026-08-03 17:38:56,1313.5,2026-08-03 18:00:49,desconocido,,/Users/pablo/Documents/ecos-del-golfo/fixtures/clips/2026-08-03_18h00m49s_no_clasificado.wav,/Users/pablo/Documents/ecos-del-golfo/fixtures/espectrogramas/2026-08-03_18h00m49s_no_clasificado.png,,,2026-08-10 01:50:25,2026-08-10 01:50:25
2026-08-03_18h01m46s_no_clasificado.wav,no_clasificado,embarcacion-2026-08,2026-08-03 17:38:56,1370.3,2026-08-03 18:01:46,desconocido,,/Users/pablo/Documents/ecos-del-golfo/fixtures/clips/2026-08-03_18h01m46s_no_clasificado.wav,/Users/pablo/Documents/ecos-del-golfo/fixtures/espectrogramas/2026-08-03_18h01m46s_no_clasificado.png,,,2026-08-10 01:50:25,2026-08-10 01:50:25
2026-08-03_18h02m30s_revisar_muy_cortos.wav,revisar_muy_cortos,embarcacion-2026-08,2026-08-03 17:38:56,1414.0,2026-08-03 18:02:30,descartado,,/Users/pablo/Documents/ecos-del-golfo/fixtures/clips/2026-08-03_18h02m30s_revisar_muy_cortos.wav,/Users/pablo/Documents/ecos-del-golfo/fixtures/espectrogramas/2026-08-03_18h02m30s_revisar_muy_cortos.png,,,2026-08-10 01:50:25,2026-08-10 01:50:25
2026-08-03_18h03m02s_revisar_muy_cortos.wav,revisar_muy_cortos,embarcacion-2026-08,2026-08-03 17:38:56,1446.6,2026-08-03 18:03:02,descartado,,/Users/pablo/Documents/ecos-del-golfo/fixtures/clips/2026-08-03_18h03m02s_revisar_muy_cortos.wav,/Users/pablo/Documents/ecos-del-golfo/fixtures/espectrogramas/2026-08-03_18h03m02s_revisar_muy_cortos.png,,,2026-08-10 01:50:25,2026-08-10 01:50:25
2026-08-03_18h03m27s_revisar_muy_cortos.wav,revisar_muy_cortos,embarcacion-2026-08,2026-08-03 17:38:56,1471.8,2026-08-03 18:03:27,descartado,,/Users/pablo/Documents/ecos-del-golfo/fixtures/clips/2026-08-03_18h03m27s_revisar_muy_cortos.wav,/Users/pablo/Documents/ecos-del-golfo/fixtures/espectrogramas/2026-08-03_18h03m27s_revisar_muy_cortos.png,,,2026-08-10 01:50:25,2026-08-10 01:50:25
2026-08-03_18h04m47s_revisar_muy_cortos.wav,revisar_muy_cortos,embarcacion-2026-08,2026-08-03 17:38:56,1551.5,2026-08-03 18:04:47,descartado,,/Users/pablo/Documents/ecos-del-golfo/fixtures/clips/2026-08-03_18h04m47s_revisar_muy_cortos.wav,/Users/pablo/Documents/ecos-del-golfo/fixtures/espectrogramas/2026-08-03_18h04m47s_revisar_muy_cortos.png,,,2026-08-10 01:50:25,2026-08-10 01:50:25
2026-08-03_18h06m00s_posible_ruido_agua.wav,posible_ruido_agua,embarcacion-2026-08,2026-08-03 17:38:56,1624.9,2026-08-03 18:06:00,descartado,,/Users/pablo/Documents/ecos-del-golfo/fixtures/clips/2026-08-03_18h06m00s_posible_ruido_agua.wav,/Users/pablo/Documents/ecos-del-golfo/fixtures/espectrogramas/2026-08-03_18h06m00s_posible_ruido_agua.png,,,2026-08-10 01:50:25,2026-08-10 01:50:25
2026-08-03_18h06m58s_posible_ruido_agua.wav,posible_ruido_agua,embarcacion-2026-08,2026-08-03 17:38:56,1682.6,2026-08-03 18:06:58,descartado,,/Users/pablo/Documents/ecos-del-golfo/fixtures/clips/2026-08-03_18h06m58s_posible_ruido_agua.wav,/Users/pablo/Documents/ecos-del-golfo/fixtures/espectrogramas/2026-08-03_18h06m58s_posible_ruido_agua.png,,,2026-08-10 01:50:25,2026-08-10 01:50:25
2026-08-03_18h07m34s_posible_ruido_agua.wav,posible_ruido_agua,embarcacion-2026-08,2026-08-03 17:38:56,1718.9,2026-08-03 18:07:34,descartado,,/Users/pablo/Documents/ecos-del-golfo/fixtures/clips/2026-08-03_18h07m34s_posible_ruido_agua.wav,/Users/pablo/Documents/ecos-del-golfo/fixtures/espectrogramas/2026-08-03_18h07m34s_posible_ruido_agua.png,,,2026-08-10 01:50:25,2026-08-10 01:50:25
